fragment_id,parent_id,site_pos,Fragment,rsa
1,A0A1B2JLU2,3,XXXXXXXXXXXXXMGCFFSKRRKADKESRPE,0.842
2,A0A1B2JLU2,114,SVFFRNCRDCKCTLACQQFRVRDCRKLEVFL,0.14
3,G1JTE6,331,AAAAAIFVIIIFYVRCCKKKTSAAEGPELVS,0.586
4,G1JTE6,332,AAAAIFVIIIFYVRCCKKKTSAAEGPELVSL,0.612
5,O00151,45,ISRVTPGSKAALANLCIGDVITAIDGENTSN,0.339
6,O00168,60,GILFILGILIVLSRRCRCKFNQQQRTGEPDE,0.547
7,O00168,62,LFILGILIVLSRRCRCKFNQQQRTGEPDEEE,0.562
8,O00206,390,LEFLDLSRNGLSFKGCCSQSDFGTTSLKYLD,0.162
9,O00206,391,EFLDLSRNGLSFKGCCSQSDFGTTSLKYLDL,0.163
10,O00408,5,XXXXXXXXXXXMGQACGHSILCRSQQYPAAR,0.834
11,O00408,11,XXXXXMGQACGHSILCRSQQYPAARPAEPRG,0.787
12,O14672,435,RATSGDKLNNNKFSLCSIRNISQVLEKKRNN,0.194
13,O14672,632,RHFSGRTITLQPGSPCNDFRGYCDVFMRCRL,0.235
14,O14744,22,GGAGGSRVSSGRDLNCVPEIADTLGAVAKQG,0.191
15,O14763,113,KYGQDYSTHWNDLLFCLRCTRCDSGEVELSP,0.325
16,O14880,150,QHLGWVKSGLGSGPKCCHXXXXXXXXXXXXX,0.796
17,O14880,151,HLGWVKSGLGSGPKCCHXXXXXXXXXXXXXX,0.777
18,O15118,799,GLDIKRQEKNRLDIFCCVRGAEDGTSVQASE,0.284
19,O15118,800,LDIKRQEKNRLDIFCCVRGAEDGTSVQASES,0.338
20,O15118,816,VRGAEDGTSVQASESCLFRFFKNSYSPLLLK,0.247
21,O15118,956,SWIDDYFDWVKPQSSCCRVDNITDQFCNASV,0.202
22,O15127,127,NLHVRQNNWPPLPSWCPVKPCFYQDFSTEIP,0.452
23,O15127,132,QNNWPPLPSWCPVKPCFYQDFSTEIPADYQR,0.377
24,O15344,195,DEKVNMYCVTDDQLICALCKLVGRHRDHQVA,0.372
25,O15344,198,VNMYCVTDDQLICALCKLVGRHRDHQVAALS,0.367
26,O15394,723,GVAALLLILVVTDVSCFFIRQCGLLMCITRR,0.574
27,O15394,729,LILVVTDVSCFFIRQCGLLMCITRRMCGKKS,0.627
28,O15394,734,TDVSCFFIRQCGLLMCITRRMCGKKSGSSGK,0.729
29,O15394,740,FIRQCGLLMCITRRMCGKKSGSSGKSKELEE,0.811
30,O15492,2,XXXXXXXXXXXXXXMCRTLAAFPTTCLERAK,0.855
31,O15492,12,XXXXMCRTLAAFPTTCLERAKEFKTRLGIFL,0.833
32,O15498,194,TQSKAFYKTARKQNSCCAIMXXXXXXXXXXX,0.549
33,O15498,195,QSKAFYKTARKQNSCCAIMXXXXXXXXXXXX,0.578
34,O15523,296,YEEARKFSYRSRVRPCVVYGGADIGQQIRDL,0.122
35,O15533,115,PASAKWASGLTPAQNCPRALDGAWLMVSISS,0.345
36,O15551,103,LLAAFGLLVALVGAQCTNCVQDDTAKAKITI,0.306
37,O15551,106,AFGLLVALVGAQCTNCVQDDTAKAKITIVAG,0.306
38,O15551,182,WAAAALQLLGGALLCCSCPPREKKYTATKVV,0.263
39,O15551,184,AAALQLLGGALLCCSCPPREKKYTATKVVYS,0.319
40,O43854,158,CECPGEFMGRNCQYKCSGPLGIEGGIISNQQ,0.199
41,O60603,609,MCCALFLLILLTGVLCHRFHGLWYMKMMWAW,0.547
42,O75558,279,RKAVQYEEKNPCRTLCCFCCPCLKXXXXXXX,0.664
43,O75558,280,KAVQYEEKNPCRTLCCFCCPCLKXXXXXXXX,0.676
44,O75558,282,VQYEEKNPCRTLCCFCCPCLKXXXXXXXXXX,0.683
45,O75558,283,QYEEKNPCRTLCCFCCPCLKXXXXXXXXXXX,0.679
46,O75558,285,EEKNPCRTLCCFCCPCLKXXXXXXXXXXXXX,0.693
47,O75581,1394,GVIVTIFVSGTVYFICQRMLCPRMKGDGETM,0.793
48,O75581,1399,IFVSGTVYFICQRMLCPRMKGDGETMTNDYV,0.805
49,O75608,2,XXXXXXXXXXXXXXMCGNNMSTPLPAIVPAA,0.792
50,O94856-5,1221,LMCAIALLVLILLIVCFIKRSRGGKYPVREK,0.261
51,O95477,3,XXXXXXXXXXXXXMACWPQLRLLLWKNLTFR,0.248
52,O95477,23,RLLLWKNLTFRRRQTCQLLLEVAWPLFIFLI,0.31
53,O95477,1110,DVLGDRIAIISHGKLCCVGSSLFLKNQLGTG,0.22
54,O95477,1111,VLGDRIAIISHGKLCCVGSSLFLKNQLGTGY,0.202
55,P00441,7,XXXXXXXXXMATKAVCVLKGDGPVQGIINFE,0.202
56,P00441,112,DVSIEDSVISLSGDHCIIGRTLVVHEKADDL,0.242
57,P00533,291,QMDVNPEGKYSFGATCVKKCPRNYVVTDHGS,0.272
58,P00533,797,LTSTVQLITQLMPFGCLLDYVREHKDNIGSQ,0.152
59,P00533,1049,LLSSLSATSNNSTVACIDRNGLQSCPIKEDS,0.794
60,P00533,1146,TAVGNPEYLNTVQPTCVNSTFDSPAHWAQKG,0.785
61,P01116,180,QYRLKKISKEEKTPGCVKIKKCIIMXXXXXX,0.731
62,P01116,186,ISKEEKTPGCVKIKKCIIMXXXXXXXXXXXX,0.811
63,P01375,30,EALPKKTGGPQGSRRCLFLSLFSFLIVAGAT,0.618
64,P01375,49,SLFSFLIVAGATTLFCLLHFGVIGPQREEFP,0.519
65,P01730,419,GVAGLLLFIGLGIFFCVRCRHRRRQAERMSQ,0.546
66,P01730,422,GLLLFIGLGIFFCVRCRHRRRQAERMSQIKR,0.546
67,P01732,206,GTCGVLLLSLVITLYCNHRNRRRVCKCPRPV,0.557
68,P01857,27,APSSKSTSGGTAALGCLVKDYFPEPVTVSWN,0.283
69,P01889,283,WAAVVVPSGEEQRYTCHVQHEGLPKPLTLRW,0.26
70,P01889,332,VLAVVVIGAVVAAVMCRRKSSGGKGGSYSQA,0.606
71,P01889,349,RKSSGGKGGSYSQAACSDSAQGSDVSLTAXX,0.793
72,P02730,843,VKTWRMHLFTGIQIICLAVLWVVKSTPASLA,0.178
73,P02760,287,VTEKECLQTCRTVAACNLPIVRGPCRAFIQL,0.253
74,P02768,416,FKPLVEEPQNLIKQNCELFEQLGEYKFQNAL,0.251
75,P02786,62,NADNNTKANVTKPKRCSGSICYGTIAVIVFF,0.71
76,P02786,67,TKANVTKPKRCSGSICYGTIAVIVFFLIGFM,0.618
77,P02786,363,NMEGDCPSDWKTDSTCRMVTSESKNVKLTVS,0.175
78,P05362,48,PSKVILPRGGSVLVTCSTSCDQPKLLGIETP,0.318
79,P05362,52,ILPRGGSVLVTCSTSCDQPKLLGIETPLPKK,0.37
80,P05362,457,GESVTVTRDLEGTYLCRARSTQGEVTRKVTV,0.307
81,P05388,27,NYFLKIIQLLDDYPKCFIVGADNVGSKQMQQ,0.228
82,P05388,119,ANKVPAAARAGAIAPCEVTVPAQNTGLGPEK,0.336
83,P05556,568,CECDNFNCDRSNGLICGGNGVCKCRVCECNP,0.351
84,P06239,3,XXXXXXXXXXXXXMGCGCSSHPEDDWMENID,0.836
85,P06239,5,XXXXXXXXXXXMGCGCSSHPEDDWMENIDVC,0.815
86,P06241,3,XXXXXXXXXXXXXMGCVQCKDKEATKLTEER,0.844
87,P06241,6,XXXXXXXXXXMGCVQCKDKEATKLTEERDGS,0.809
88,P06734,17,EEGQYSEIEELPRRRCCRRGTQIVLLGLVTA,0.747
89,P06734,18,EGQYSEIEELPRRRCCRRGTQIVLLGLVTAA,0.722
90,P07237,312,DNQRILEFFGLKKEECPAVRLITLEEEMTKY,0.252
91,P07306,36,LRKGPPPPQPLLQRLCSGPRLLLLSLGLSLL,0.634
92,P07550,341,YCRSPDFRIAFQELLCLRRSSLKAYGNGYSS,0.451
93,P07948,3,XXXXXXXXXXXXXMGCIKSKGKDSLSDDGVD,0.418
94,P08100,322,IMMNKQFRNCMLTTICCGKNPLGDDEASATV,0.314
95,P08100,323,MMNKQFRNCMLTTICCGKNPLGDDEASATVS,0.314
96,P08172,324,STSLGHSKDENSKQTCIRIGTKTPKSDSCTP,0.661
97,P08559,41,ASRNFANDATFEIKKCDLHRLEEGPPVTTVL,0.16
98,P08559,145,SVREILAELTGRKGGCAKGKGGSMHMYAKNF,0.199
99,P08559,181,IVGAQVPLGAGIALACKYNGKDEVCLTLYGD,0.223
100,P08581,624,SCTLTLSESTMNTLKCTVGPAMNKHFNMSII,0.208
101,P08581,894,NKSCENIHLHSEAVLCTVPNDLLKLNSELNI,0.247
102,P08588,392,YCRSPDFRKAFQGLLCCARRAARRRHATHGD,0.406
103,P08588,393,CRSPDFRKAFQGLLCCARRAARRRHATHGDR,0.445
104,P08588,414,RRRHATHGDRPRASGCLARPGPPPSPGAASD,0.855
105,P08631-2,3,XXXXXXXXXXXXXMGCMKSKFLQVGGNTFSK,0.757
106,P08670,328,KQESTEYRRQVQSLTCEVDALKGTNESLERQ,0.479
107,P08865,148,PLTEASYVNLPTIALCNTDSPLRYVDIAIPC,0.169
108,P08865,163,CNTDSPLRYVDIAIPCNNKGAHSVGLMWWML,0.165
109,P09564,198,LAVISFLLGLGLGVACVLARTQIKKLCSWRD,0.568
110,P0C2W1,17,AAPAPGAGAASGGAGCSGGGAGAGAGSGSGA,0.857
111,P10301,213,LPPSPPSAPRKKGGGCPCVLLXXXXXXXXXX,0.835
112,P10966,194,GVLVLLVSLGVAIHLCCRRRRARLRFMKQFY,0.519
113,P10966,195,VLVLLVSLGVAIHLCCRRRRARLRFMKQFYK,0.522
114,P11388,392,TKENMTLQPKSFGSTCQLSEKFIKAAIGCGI,0.194
115,P11586,195,PMHDLLLWNNATVTTCHSKTAHLDEEVNKGD,0.197
116,P11717,731,NNERHTPRATLITFLCDRDAGVGFPEYQEED,0.152
117,P11717,1408,AITGTGDPEHYLINVCKSLAPQAGTEPCPPE,0.136
118,P11717,2342,YKKERRETVISKLTTCCRRSSNVSYKYSKVN,0.711
119,P11717,2343,KKERRETVISKLTTCCRRSSNVSYKYSKVNK,0.732
120,P11801,3,XXXXXXXXXXXXXMGCGTSKVLPEPPKDVQL,0.834
121,P11940,339,KVMMEGGRSKGFGFVCFSSPEEATKAVTEMN,0.284
122,P12004,162,ICRDLSHIGDAVVISCAKDGVKFSASGELGN,0.223
123,P12318,241,TAVAAIVAAVVALIYCRKKRISANSTDPVKA,0.598
124,P13569,524,GVSYDEYRYRSVIKACQLEEDISKFAEKDNI,0.171
125,P13569,1395,TYQIIRRTLKQAFADCTVILCEHRIEAMLEC,0.17
126,P13639,41,AHVDHGKSTLTDSLVCKAGIIASARAGETRF,0.152
127,P13639,290,KSATSPEGKKLPRTFCQLILDPIFKVFDAIM,0.184
128,P13639,369,ITIHLPSPVTAQKYRCELLYEGPPDDEAAMG,0.146
129,P13639,466,ILMMGRYVEPIEDVPCGNIVGLVGVDQFLVK,0.114
130,P13639,567,LHLEICLKDLEEDHACIPIKKSDPVVSYRET,0.262
131,P13639,591,VVSYRETVSEESNVLCLSKSPNKHNRLYMKA,0.162
132,P13639,651,AEKYEWDVAEARKIWCFGPDGTGPNILTDIT,0.187
133,P13639,693,SVVAGFQWATKEGALCEENMRGVRFDVHDVT,0.195
134,P13639,728,AIHRGGGQIIPTARRCLYASVLTAQPRLMEP,0.185
135,P13639,751,AQPRLMEPIYLVEIQCPEQVVGGIYGVLNRK,0.223
136,P13726,277,VVIILVIILAISLHKCRKAGVGQSWKENSPL,0.585
137,P14416,443,TFNIEFRKAFLKILHCXXXXXXXXXXXXXXX,0.327
138,P15153,189,RAVLCPQPTRQQKRACSLLXXXXXXXXXXXX,0.854
139,P16109,807,LALLRKRFRQKDDGKCPLNPHSHLGTYGVFT,0.77
140,P16284,622,VIIGVIIALLIIAAKCYFLRKAKAKQMPVEM,0.554
141,P16615,344,KNAIVRSLPSVETLGCTSVICSDKTGTLTTN,0.151
142,P16615,349,RSLPSVETLGCTSVICSDKTGTLTTNQMSVC,0.095
143,P16615,447,GVYEKVGEATETALTCLVEKMNVFDTELKGL,0.157
144,P16615,471,DTELKGLSKIERANACNSVIKQLMKKEFTLE,0.203
145,P16615,498,FTLEFSRDRKSMSVYCTPNKPSRTSMSKMFV,0.211
146,P16615,875,GGPRVSFYQLSHFLQCKEDNPDFEGVDCAIF,0.34
147,P16615,997,TLKFVARNYLEPGKECVQPATKSCSFSACTD,0.59
148,P17181,463,FALPFVIYAAKVFLRCINYVFFPSLKPSSSI,0.6
149,P17987,76,ILKLLEVEHPAAKVLCELADLQDKEVGDGTT,0.177
150,P17987,147,INENLIVNTDELGRDCLINAAKTSMSSKIIG,0.17
151,P17987,236,GSQGMPKRIVNAKIACLDFSLQKTKMKLGVQ,0.201
152,P17987,357,AAMLGQAEEVVQERICDDELILIKNTKARTS,0.221
153,P21333,205,RDWQSGRALGALVDSCAPGLCPDWDSWDASK,0.244
154,P21333,444,TVEPQLEARGDSTYRCSYQPTMEGVHTVHVT,0.276
155,P21333,478,VPIPRSPYTVTVGQACNPSACRAVGRGLQPK,0.375
156,P21333,483,SPYTVTVGQACNPSACRAVGRGLQPKGVRVK,0.304
157,P21333,717,GGKAPLRVQVQDNEGCPVEALVKDNGNGTYS,0.222
158,P21333,1018,KVASKIVGPSGAAVPCKVEPGLGADNSVVRF,0.331
159,P21333,1157,DTHIPGSPFKAHVVPCFDASKVKCSGPGLER,0.31
160,P21333,1165,FKAHVVPCFDASKVKCSGPGLERATAGEVGQ,0.278
161,P21333,1260,SKLQVEPAVDTSGVQCYGPGIEGQGVFREAT,0.233
162,P21333,1997,LLTATVVPPSGREEPCLLKRLRNGHVGISFV,0.279
163,P21333,2378,AIDAKVHSPSGALEECYVTEIDQDKYAVRFI,0.281
164,P21333,2543,HETSSVFVDSLTKATCAPQHGAPGPGPADAS,0.432
165,P21333,2582,LSKAYVGQKSSFTVDCSKAGNNMLLVGVHGP,0.318
166,P21554,415,RSKDLRHAFRSMFPSCEGTAQPLDNSMGDSD,0.598
167,P21731-2,347,TLWPSLEYSGTISAHCNLRLPGSSDSRASAS,0.814
168,P21731-2,373,RASASRAAGITGVSHCARPCMLFDPEFDLLA,0.769
169,P21731-2,377,SRAAGITGVSHCARPCMLFDPEFDLLAGVQL,0.756
170,P21796,232,TRFGIAAKYQIDPDACFSAKVNNSSLIGLGY,0.274
171,P21926,9,XXXXXXXMPVKGGTKCIKYLLFGFNFIFWLA,0.297
172,P21926,152,EPQRETLKAIHYALNCCGLAGGVEQFISDIC,0.301
173,P21926,153,PQRETLKAIHYALNCCGLAGGVEQFISDICP,0.297
174,P21926,167,CCGLAGGVEQFISDICPKKDVLETFTVKSCP,0.305
175,P21926,218,IAVVMIFGMIFSMILCCAIRRNREMVXXXXX,0.311
176,P21926,219,AVVMIFGMIFSMILCCAIRRNREMVXXXXXX,0.329
177,P22102,298,GPKVLEFNCRFGDPECQVILPLLKSDLYEVI,0.076
178,P22314,278,QPMEIKVLGPYTFSICDTSNFSDYIRGGIVS,0.278
179,P22314,481,LGKQKYFLVGAGAIGCELLKNFAMIGLGCGE,0.085
180,P22314,632,SYSSSQDPPEKSIPICTLKNFPNAIEHTLQW,0.253
181,P22695,192,LHAAAYRNALANPLYCPDYRIGKVTSEELHY,0.2
182,P22888,643,KTFQRDFFLLLSKFGCCKRRAELYRRKDFSA,0.323
183,P22888,644,TFQRDFFLLLSKFGCCKRRAELYRRKDFSAY,0.353
184,P23229,1078,AGILMLALLVFILWKCGFFKRSRYDDSVPRY,0.566
185,P23945,644,FTKNFRRDFFILLSKCGCYEMQAQIYRTETS,0.332
186,P23945,646,KNFRRDFFILLSKCGCYEMQAQIYRTETSST,0.326
187,P23945,672,ETSSTVHNTHPRNGHCSSAPRVTSGSTYILV,0.847
188,P24530,8,XXXXXXXXMQPPPSLCGRALVALVLACGLSR,0.347
189,P24530,19,PPSLCGRALVALVLACGLSRIWGEERGFPPD,0.377
190,P24530,400,ALYLVSKRFKNCFKSCLCCWCQSFEEKQSLE,0.341
191,P24530,402,YLVSKRFKNCFKSCLCCWCQSFEEKQSLEEK,0.39
192,P24530,403,LVSKRFKNCFKSCLCCWCQSFEEKQSLEEKQ,0.392
193,P24530,405,SKRFKNCFKSCLCCWCQSFEEKQSLEEKQSC,0.424
194,P25445,178,TKCKEEGSRSNLGWLCLLLLPIPLIVWVKRK,0.571
195,P25445,199,IPLIVWVKRKEVQKTCRKHRKENQGSHESPT,0.388
196,P26006,94,AVPDGYTNRTGAVYLCPLTAHKDDCERMNIT,0.139
197,P26006,904,TLAAAKKAKSETVLTCATGRAHCVWLECPIP,0.182
198,P26006,1016,AGLLLLGLIILLLWKCGFFKRARTRALYEAK,0.615
199,P27701-2,5,XXXXXXXXXXXMGSACIKVTKYFLFLFNLIF,0.389
200,P27701-2,74,FIGVGAVTMLMGFLGCIGAVNEVRCLLGLLK,0.375
201,P27701-2,83,LMGFLGCIGAVNEVRCLLGLLKQEMGGIVTE,0.336
202,P27701-2,226,VGVAIIELLGMVLSICLCRHVHSEDYSKVPK,0.538
203,P27701-2,228,VAIIELLGMVLSICLCRHVHSEDYSKVPKYX,0.545
204,P27708,1613,AVLMVAQLTQRSVHICHVARKEEILLIKAAK,0.101
205,P27708,1636,ILLIKAAKARGLPVTCEVAPHHLFLSHDDLE,0.135
206,P28347,53,DIEQSFQEALAIYPPCGRRKIILSDEGKMYG,0.374
207,P28347,327,YESSENMTVTCSTKVCSFGKQVVEKVETEYA,0.199
208,P28347,359,FENGRFVYRINRSPMCEYMINFIHKLKHLPE,0.182
209,P28907,15,XMANCEFSPVSGDKPCCRLSRRAQLCLGVSI,0.707
210,P28907,16,MANCEFSPVSGDKPCCRLSRRAQLCLGVSIL,0.697
211,P29474,15,XMGNLKSVAQEPGPPCGLGLGLGLGLCGKQG,0.814
212,P29474,26,PGPPCGLGLGLGLGLCGKQGPATPAPEPSRA,0.812
213,P29474,1009,RGAPSFRLPPDPSLPCILVGPGTGIAPFRGF,0.152
214,P30050,17,PPKFDPNEIKVVYLRCTGGEVGATSALAPKI,0.29
215,P30050,141,SGTIKEILGTAQSVGCNVDGRHPHDIIDDIN,0.262
216,P30050,162,HPHDIIDDINSGAVECPASXXXXXXXXXXXX,0.304
217,P30084,213,ISAQDAKQAGLVSKICPVETLVEEAIQCAEK,0.197
218,P30518,341,ASFSSSVSSELRSLLCCARGRTPPSLGPQDE,0.426
219,P30518,342,SFSSSVSSELRSLLCCARGRTPPSLGPQDES,0.399
220,P30679,9,XXXXXXXMARSLTWRCCPWCLTEDEKAAARV,0.587
221,P30679,10,XXXXXXMARSLTWRCCPWCLTEDEKAAARVD,0.587
222,P30679,13,XXXMARSLTWRCCPWCLTEDEKAAARVDQEI,0.574
223,P30989,381,LVSANFRHIFLATLACLCPVWRRRRKRPAFS,0.373
224,P30989,383,SANFRHIFLATLACLCPVWRRRRKRPAFSRK,0.404
225,P31040,238,DLLMENGECRGVIALCIEDGSIHRIRAKNTV,0.155
226,P31040,266,NTVVATGGYGRTYFSCTSAHTSTGDGTAMIT,0.129
227,P31040,305,LEFVQFHPTGIYGAGCLITEGCRGEGGILIN,0.145
228,P31040,311,HPTGIYGAGCLITEGCRGEGGILINSQGERF,0.13
229,P31040,438,RHVNGQDQIVPGLYACGEAACASVHGANRLG,0.056
230,P31040,536,NHAAVFRVGSVLQEGCGKISKLYGDLKHLKT,0.158
231,P31040,654,LEYRPVIDKTLNEADCATVPPAIRSYXXXXX,0.194
232,P31939,287,GAAVGIPLSEDEAKVCMVYDLYKTLTPISAA,0.162
233,P32241,13,XXXMRPPSPLPARWLCVLAGALAWALGPAGG,0.434
234,P32241,37,ALGPAGGQAARLQEECDYVQMIEVQHKQCLE,0.346
235,P32456,588,DIWDIQMRSKSLEPICNILXXXXXXXXXXXX,0.539
236,P33316,166,KAVVKTDIQIALPSGCYGRVAPRSGLAAKHF,0.363
237,P34897,91,SENFCSRAALEALGSCLNNKYSEGYPGKRYY,0.301
238,P34932,417,ISLRWNSPAEEGSSDCEVFSKNHAAPFSKVL,0.229
239,P34981,335,YNLMSQKFRAAFRKLCNCKQKPTEKPANYSV,0.357
240,P34981,337,LMSQKFRAAFRKLCNCKQKPTEKPANYSVAL,0.443
241,P35070,139,LIAVMVVFIILVIGVCTCCHPLRKRRKRKKK,0.496
242,P35070,141,AVMVVFIILVIGVCTCCHPLRKRRKRKKKEE,0.518
243,P35070,142,VMVVFIILVIGVCTCCHPLRKRRKRKKKEEE,0.518
244,P35221,461,GVKLVRMSASQLEALCPQVINAALALAAKPQ,0.207
245,P35221,720,WDDSGNDIIVLAKQMCMIMMEMTDFTRGKGP,0.218
246,P35613,242,KSSEHINEGETAMLVCKSESVPPVTDWAWYK,0.235
247,P36578,3,XXXXXXXXXXXXXMACARPLISVYSEKGESS,0.323
248,P36578,96,GGGTHRSGQGAFGNMCRGGRMFAPTKTWRRW,0.394
249,P36578,125,RWHRRVNTTQKRYAICSALAASALPALVMSK,0.225
250,P36578,208,KGKMRNRRRIQRRGPCIIYNEDNGIIKAFRN,0.158
251,P36578,250,LNILKLAPGGHVGRFCIWTESAFRKLDELYG,0.148
252,P40222,523,PGAQAPSSPRVTEAPCYPGAPSTEASGQTGP,0.817
253,P40925,137,KSVKVIVVGNPANTNCLTASKSAPSIPKENF,0.131
254,P40925,154,TASKSAPSIPKENFSCLTRLDHNRAKAQIAL,0.095
255,P41091,105,KLDDPSCPRPECYRSCGSSTPDEFPTDIPGT,0.168
256,P41091,269,PRLIVIRSFDVNKPGCEVDDLKGGVAGGSIL,0.457
257,P41091,434,AVKADLGKIVLTNPVCTEVGEKIALSRRVEK,0.198
258,P42261,603,FNSLWFSLGAFMQQGCDISPRSLSGRIVGGV,0.272
259,P42261,829,IGGLGLAMLVALIEFCYKSRSESKRMKGFCL,0.336
260,P42892,58,NGLQVNFHSPRSGQRCWAARTQVEKRLVVLV,0.607
261,P42892,435,VMYGTKKTCLPRWKFCVSDTENNLGFALGPM,0.174
262,P43119,308,ILFRKAVFQRLKLWVCCLCLGPAHGDSQTPL,0.494
263,P43119,311,RKAVFQRLKLWVCCLCLGPAHGDSQTPLSQL,0.554
264,P43119,383,GSAVGTSSKAEASVACSLCXXXXXXXXXXXX,0.77
265,P43220,438,EHLHIQRDSSMKPLKCPTSSLSSGATAGSSM,0.777
266,P43353,463,PRRLRMLLVAMEAQGCSCTLLXXXXXXXXXX,0.571
267,P43353,465,RLRMLLVAMEAQGCSCTLLXXXXXXXXXXXX,0.724
268,P45844,30,NASSYSAEMTEPKSVCVSVDEVVSSNMEATE,0.785
269,P45844,154,MKGAVLINGLPRDLRCFRKVSCYIMQDDMLL,0.239
270,P45844,315,KVCNLVPYLRDLGLNCPTYHNPADFVMEVAS,0.264
271,P45844,394,KRLKGLRKDSSSMEGCHSFSASCLTQFCILF,0.251
272,P45844,406,MEGCHSFSASCLTQFCILFKRTFLSIMRDSV,0.173
273,P45880,8,XXXXXXXXMATHGQTCARPMCIPPSYADLGK,0.624
274,P45880,13,XXXMATHGQTCARPMCIPPSYADLGKAARDI,0.357
275,P45880,210,VNDGTEFGGSIYQKVCEDLDTSVNLAWTSGT,0.316
276,P46782,66,HSAGRYAAKRFRKAQCPIVERLTNSMMMHGR,0.239
277,P46782,155,DVSPLRRVNQAIWLLCTGAREAAFRNIKTIA,0.192
278,P46782,172,GAREAAFRNIKTIAECLADELINAAKGSSNS,0.23
279,P48509,11,XXXXXMGEFNEKKTTCGTVCLKYLLFTYNCC,0.35
280,P48509,15,XMGEFNEKKTTCGTVCLKYLLFTYNCCFWLA,0.286
281,P48509,79,LVVAGTVVMVTGVLGCCATFKERRNLLRLYF,0.257
282,P48509,80,VVAGTVVMVTGVLGCCATFKERRNLLRLYFI,0.263
283,P48509,184,WIRSQEAGGRVVPDSCCKTVVALCGQRDHAS,0.245
284,P48509,185,IRSQEAGGRVVPDSCCKTVVALCGQRDHASN,0.244
285,P48509,192,GRVVPDSCCKTVVALCGQRDHASNIYKVEGG,0.262
286,P48509,242,GIGIACVQVFGMIFTCCLYRSLKLEHYXXXX,0.28
287,P48509,243,IGIACVQVFGMIFTCCLYRSLKLEHYXXXXX,0.314
288,P48643,253,QMPKKVEDAKIAILTCPFEPPKPKTKHKLDV,0.217
289,P48643,302,EMIQQIKETGANLAICQWGFDDEANHLLLQN,0.165
290,P48745,244,TNRNRQCEMLKQTRLCMVRPCEQEPEQPTDK,0.305
291,P48960,76,TCDDINECATPSKVSCGKFSDCWNTEGSYDC,0.359
292,P48960,802,CLLNKKVREEYRKWACLVAGGSKYSEFTSTT,0.523
293,P49207,46,VYLYTKKVGKAPKSACGVCPGRLRGVRAVRP,0.44
294,P49207,49,YTKKVGKAPKSACGVCPGRLRGVRAVRPKVL,0.423
295,P49207,83,SKTKKHVSRAYGGSMCAKCVRDRIKRAFLIE,0.44
296,P49327,634,AMAAVGLSWEECKQRCPPGVVPACHNSKDTV,0.225
297,P49327,642,WEECKQRCPPGVVPACHNSKDTVTISGPQAP,0.138
298,P49327,1141,GCLSERAALQEELQLCKGLVQALQTKVTQQG,0.232
299,P49368,398,ILSEVERNLQDAMQVCRNVLLDPQLVPGGGA,0.183
300,P49368,455,VAQALEVIPRTLIQNCGASTIRLLTSLRAKH,0.213
301,P49795,39,SSHDTASPAAPSRNPCCLCWCCCCSCSWNQE,0.505
302,P49795,40,SHDTASPAAPSRNPCCLCWCCCCSCSWNQER,0.49
303,P49795,42,DTASPAAPSRNPCCLCWCCCCSCSWNQERRR,0.422
304,P49795,44,ASPAAPSRNPCCLCWCCCCSCSWNQERRRAW,0.337
305,P49795,45,SPAAPSRNPCCLCWCCCCSCSWNQERRRAWQ,0.369
306,P49795,46,PAAPSRNPCCLCWCCCCSCSWNQERRRAWQA,0.418
307,P49795,47,AAPSRNPCCLCWCCCCSCSWNQERRRAWQAS,0.461
308,P49795,49,PSRNPCCLCWCCCCSCSWNQERRRAWQASRE,0.486
309,P49802,133,SNCWEPENTDYAVYLCKRTMQNKARLELADY,0.277
310,P49961,13,XXXMEDTKESNVKTFCSKNILAILGFSSIIA,0.517
311,P50281,574,VFFFRRHGTPRRLLYCQRSLLDKVXXXXXXX,0.654
312,P50897,6,XXXXXXXXXXMASPGCLWLLAVALLPWTCAS,0.831
313,P51157,218,QEPMSRTVNPPRSSMCAVQXXXXXXXXXXXX,0.863
314,P51636,122,LSCLHIWILMPFVKTCLMVLPSVQTIWKSVT,0.517
315,P51636,145,QTIWKSVTDVIIAPLCTSVGRCFSSVSLQLS,0.519
316,P51636,151,VTDVIIAPLCTSVGRCFSSVSLQLSQDXXXX,0.557
317,P51681,321,NYLLVFFQKHIAKRFCKCCSIFQQEAPERAS,0.595
318,P51681,323,LLVFFQKHIAKRFCKCCSIFQQEAPERASSV,0.62
319,P51681,324,LVFFQKHIAKRFCKCCSIFQQEAPERASSVY,0.635
320,P53396,20,AISEQTGKELLYKFICTTSAIQNRFKYARVT,0.182
321,P53396,229,VLDLAAKVDATADYICKVKWGDIEFPPPFGR,0.205
322,P53396,519,MQTRAVQGMLDFDYVCSRDEPSVAAMVYPFT,0.193
323,P53396,633,VTIIGPATVGGIKPGCFKIGNTGGMLDNILA,0.139
324,P53582,368,RSAQFEHTLLVTDTGCEILTRRLDSARPHFM,0.189
325,P54868,96,AGKYTVGLGQTRMGFCSVQEDINSLCLTVVQ,0.135
326,P54868,106,TRMGFCSVQEDINSLCLTVVQRLMERIQLPW,0.098
327,P54868,166,DSGNTDIEGIDTTNACYGGTASLFNAANWME,0.091
328,P54868,305,FTLDDLQYMIFHTPFCKMVQKSLARLMFNDF,0.11
329,P54868,389,LSTHNGNMYTSSLYGCLASLLSHHSAQELAG,0.077
330,P55060,853,EKKICAVGITKLLTECPPMMDTEYTKLWTPL,0.165
331,P55072,105,NNLRVRLGDVISIQPCPDVKYGKRIHVLPID,0.204
332,P55072,209,EEESLNEVGYDDIGGCRKQLAQIKEMVELPL,0.181
333,P55072,415,ANETHGHVGADLAALCSEAALQAIRKKMDLI,0.217
334,P55072,522,GMTPSKGVLFYGPPGCGKTLLAKAIANECQA,0.192
335,P55072,535,PGCGKTLLAKAIANECQANFISIKGPELLTM,0.197
336,P55072,572,ANVREIFDKARQAAPCVLFFDELDSIAKARG,0.179
337,P55072,691,AKMTNGFSGADLTEICQRACKLAIRESIESE,0.287
338,P55209,388,NDPDYDPKKDQNPAECKQQXXXXXXXXXXXX,0.841
339,P56704,77,IMPSVAEGIKIGIQECQHQFRGRRWNCTTVH,0.137
340,P57729,208,VKPHLTSTKVASCSGCAKSXXXXXXXXXXXX,0.854
341,P60033,6,XXXXXXXXXXMGVEGCTKCIKYLLFVFNFVF,0.333
342,P60033,9,XXXXXXXMGVEGCTKCIKYLLFVFNFVFWLA,0.272
343,P60033,80,LIAVGAVMMFVGFLGCYGAIQESQCLLGTFF,0.244
344,P60033,89,FVGFLGCYGAIQESQCLLGTFFTCLVILFAC,0.238
345,P60033,97,GAIQESQCLLGTFFTCLVILFACEVAAGIWG,0.259
346,P60033,104,CLLGTFFTCLVILFACEVAAGIWGFVNKDQI,0.351
347,P60033,156,NNAKAVVKTFHETLDCCGSSTLTALTTSVLK,0.26
348,P60033,157,NAKAVVKTFHETLDCCGSSTLTALTTSVLKN,0.274
349,P60033,227,VAVIMIFEMILSMVLCCGIRNSSVYXXXXXX,0.3
350,P60033,228,AVIMIFEMILSMVLCCGIRNSSVYXXXXXXX,0.325
351,P60891,91,ACKIASASRVTAVIPCFPYARQDKKDKSRAP,0.127
352,P60891,165,AVLKWIRENISEWRNCTIVSPDAGGAKRVTS,0.21
353,P60900,47,INQGGLTSVAVRGKDCAVIVTQKKVPDKLLD,0.19
354,P60953,188,ILAALEPPEPKKSRRCVLLXXXXXXXXXXXX,0.851
355,P61224,181,NRKTPVPGKARKKSSCQLLXXXXXXXXXXXX,0.811
356,P61247,96,FRKFKLITEDVQGKNCLTNFHGMDLTRDKMC,0.26
357,P61247,139,HVDVKTTDGYLLRLFCVGFTKKRNNQIRKTS,0.194
358,P61247,201,NKLIPDSIGKDIEKACQSIYPLHDVFVRKVK,0.241
359,P61952,70,KGIPEDKNPFKEKGSCVISXXXXXXXXXXXX,0.738
360,P62070,201,SPEPTRKEKDKKGCHCVIFXXXXXXXXXXXX,0.768
361,P62249,25,VQVFGRKKTATAVAHCKRGNGLIKVNGRPLE,0.246
362,P62280,60,KTPKEAIEGTYIDKKCPFTGNVSIRGRILSG,0.265
363,P62280,116,RFEKRHKNMSVHLSPCFRDVQIGDIVTVGEC,0.235
364,P62280,131,CFRDVQIGDIVTVGECRPLSKTVRFNVLKVT,0.232
365,P62318,20,VPIKVLHEAEGHIVTCETNTGEVYRGKLIEA,0.298
366,P62753,12,XXXXMKLNISFPATGCQKLIEVDDERKLRTF,0.327
367,P62829,28,KFRISLGLPVGAVINCADNTGAKNLYIISVK,0.23
368,P62829,125,GEMKGSAITGPVAKECADLWPRIASNAGSIA,0.267
369,P62834,181,NRKTPVEKKKPKKKSCLLLXXXXXXXXXXXX,0.83
370,P62873,25,EAEQLKNQIRDARKACADATLSQITNNIDPV,0.363
371,P62873,148,VRVSRELAGHTGYLSCCRFLDDNQIVTSSGD,0.118
372,P62873,204,SLSLAPDTRLFVSGACDASAKLWDVREGMCR,0.143
373,P62888,52,MIRQGKAKLVILANNCPALRKSEIEYYAMLA,0.231
374,P62888,85,GVHHYSGNNIELGTACGKYYRVCTLAIIDPG,0.245
375,P62888,92,NNIELGTACGKYYRVCTLAIIDPGDSDIIRS,0.228
376,P62910,91,KFLVHNVKELEVLLMCNKSYCAEIAHNVSSK,0.345
377,P62910,96,NVKELEVLLMCNKSYCAEIAHNVSSKNRKAI,0.347
378,P62917,114,GNVLPVGTMPEGTIVCCLEEKPGDRGKLARA,0.203
379,P62917,115,NVLPVGTMPEGTIVCCLEEKPGDRGKLARAS,0.198
380,P62937,62,GYKGSCFHRIIPGFMCQGGDFTRHNGTGGKS,0.201
381,P62937,115,MANAGPNTNGSQFFICTAKTEWLDGKHVVFG,0.174
382,P62937,161,GSRNGKTSKKITIADCGQLEXXXXXXXXXXX,0.19
383,P63244,138,GSRDKTIKLWNTLGVCKYTVQDESHSEWVSC,0.208
384,P63244,153,CKYTVQDESHSEWVSCVRFSPNSSNPIIVSC,0.1
385,P63244,168,CVRFSPNSSNPIIVSCGWDKLVKVWNLANCK,0.147
386,P63244,182,SCGWDKLVKVWNLANCKLKTNHIGHTGYLNT,0.208
387,P63244,207,TGYLNTVTVSPDGSLCASGGKDGQAMLWDLN,0.156
388,P63244,240,KHLYTLDGGDIINALCFSPNRYWLCAATGPS,0.119
389,P63244,249,DIINALCFSPNRYWLCAATGPSIKIWDLEGK,0.152
390,P63244,286,KQEVISTSSKAEPPQCTSLAWSADGQTLFAG,0.139
391,P63261,17,EEEIAALVIDNGSGMCKAGFAGDDAPRAVFP,0.135
392,P78310,41,EEMIEKAKGETAYLPCKFTLSPEDQGPLDIE,0.224
393,P78310,146,KKIHLVVLVKPSGARCYVDGSEEIGSDFKIK,0.246
394,P78310,223,GTYSCTVRNRVGSDQCLLRLNVVPPSNKAGL,0.25
395,P78310,259,IGTLLALALIGLIIFCCRKKRREEKYEKEVH,0.532
396,P78310,260,GTLLALALIGLIIFCCRKKRREEKYEKEVHH,0.535
397,P78371,289,KMKEKVERILKHGINCFINRQLIYNYPEQLF,0.211
398,P78371,395,QQILDEAERSLHDALCVLAQTVKDSRTVYGG,0.145
399,P78380,36,GKKAKGLQFLYSPWWCLAAATLGVLCLGLVV,0.617
400,P78380,46,YSPWWCLAAATLGVLCLGLVVTIMVLGMQLS,0.534
401,P78536,525,EGVQCSDRNSPCCKNCQFETAQKKCQEAINA,0.306
402,P84074,185,IRGAKSDPSIVRLLQCDPSSASQFXXXXXXX,0.273
403,P99999,15,XMGDVEKGKKIFIMKCSQCHTVEKGGKHKTG,0.252
404,P99999,18,DVEKGKKIFIMKCSQCHTVEKGGKHKTGPNL,0.266
405,Q00013,242,RVASMAQSAPSEAPSCSPFGKKKKYKDKYLA,0.804
406,Q01453,85,ILSIIFSILSLFLFFCQLFTLTKGGRFYITG,0.28
407,Q01518,93,TGLKLERALLVTASQCQQPAENKLSDLLAPI,0.321
408,Q01726,315,FHSQELRRTLKEVLTCSWXXXXXXXXXXXXX,0.349
409,Q02156,276,SLLWGLLRQGLQCKVCKMNVHRRCETNVAPN,0.251
410,Q02156,474,ILALARKHPYLTQLYCCFQTKDRLFFVMEYV,0.2
411,Q02790,342,MCHLKLQAFSAAIESCNKALELDSNNEKGLF,0.213
412,Q03135,133,YFAILSFLHIWAVVPCIKSFLIEIQCISRVY,0.48
413,Q03135,143,WAVVPCIKSFLIEIQCISRVYSIYVHTVCDP,0.494
414,Q03135,156,IQCISRVYSIYVHTVCDPLFEAVGKIFSNVR,0.483
415,Q06210,2,XXXXXXXXXXXXXXMCGIFAYLNYHVPRTRR,0.116
416,Q07812,126,VALFYFASKLVLKALCTKVPELIRTIMGWTL,0.285
417,Q07955,148,SWQDLKDHMREAGDVCYADVYRDGTGVVEFV,0.257
418,Q09470,243,CIIWFSFELVVRFFACPSKTDFFKNIMNFID,0.316
419,Q10471,539,QIEGNSKLRHVGSNLCLDSRTAKSGGLSVEV,0.209
420,Q10567,95,QPDMAIMAVNTFVKDCEDPNPLIRALAVRTM,0.202
421,Q13286,435,ISLSGLLALPLHDFLCQLSXXXXXXXXXXXX,0.272
422,Q13443,428,SAPSCGNKLVDAGEECDCGTPKECELDPCCE,0.29
423,Q13443,430,PSCGNKLVDAGEECDCGTPKECELDPCCEGS,0.287
424,Q13639,328,AFLNKSFRRAFLIILCCDDERYRRPSILGQT,0.347
425,Q13639,329,FLNKSFRRAFLIILCCDDERYRRPSILGQTV,0.342
426,Q14156,6,XXXXXXXXXXMPTRVCCCCSALRPRYKRLVD,0.737
427,Q14156,7,XXXXXXXXXMPTRVCCCCSALRPRYKRLVDN,0.63
428,Q14156,8,XXXXXXXXMPTRVCCCCSALRPRYKRLVDNI,0.587
429,Q14156,9,XXXXXXXMPTRVCCCCSALRPRYKRLVDNIF,0.503
430,Q14156,154,RYDFFVSRFSAMCHSCHSDPEIRTEIRIAGI,0.231
431,Q14181,554,IIPSELRYFVKDVLGCVCVNPGRLTKGQVGG,0.146
432,Q14181,556,PSELRYFVKDVLGCVCVNPGRLTKGQVGGTF,0.11
433,Q14344,14,XXMADFLPSRSVLSVCFPGCLLTSGEAEQQR,0.723
434,Q14344,18,DFLPSRSVLSVCFPGCLLTSGEAEQQRKSKE,0.591
435,Q14344,318,VSIKDYFLEFEGDPHCLRDVQKFLVECFRNK,0.245
436,Q14623,28,CLVLLLLLVVPAAWGCGPGRVVGSRRRPPRK,0.643
437,Q15233,145,DNMPLRGKQLRVRFACHSASLTVRNLPQYVS,0.23
438,Q15382,181,EAEKMDGAASQGKSSCSVMXXXXXXXXXXXX,0.583
439,Q15562,348,YESLEHMTLTCSSKVCSFGKQVVEKVETERA,0.199
440,Q15562,380,LEDGRFVYRLLRSPMCEYLVNFLHKLRQLPE,0.207
441,Q16518,106,RAMTEKRIVITEFGTCAFPDPCKNIFSRFFS,0.229
442,Q16518,112,RIVITEFGTCAFPDPCKNIFSRFFSYFRGVE,0.434
443,Q16518,231,KEDPISKSEIVVQFPCSDRFKPSYVHSFGLT,0.178
444,Q16518,329,HINTYEDNGFLIVDLCCWKGFEFVYNYLYLA,0.098
445,Q16518,330,INTYEDNGFLIVDLCCWKGFEFVYNYLYLAN,0.105
446,Q16549,579,SDPNGFNDWTFSTVRCWGERARGTYRLVIRD,0.117
447,Q16549,646,SAMSGKYLHDDFALPCPPGLKIPEEDGYTIT,0.231
448,Q16549,673,YTITPNTLKTLVLVGCFTVFWTVYYMLEVYL,0.529
449,Q16549,699,LEVYLSQRNVASNQVCRSGPCHWPHRSRKAK,0.738
450,Q16549,704,SQRNVASNQVCRSGPCHWPHRSRKAKEEGTE,0.826
451,Q16658,260,ATKVGKDELFALEQSCAQVVLQAANERNVST,0.132
452,Q16827,706,LSLPPGDIYNLSVTACTERGSNTSMLRLVKL,0.267
453,Q3ZCQ8,249,ISCLNRDPARVVVVDCKKEAFRLQPYNGVAL,0.188
454,Q562R1,286,ESSGIHETTFNSIMKCDVDIRKDLYANTVLS,0.205
455,Q5VW32,408,KPVKEPDIKPQKDTGCYISXXXXXXXXXXXX,0.178
456,Q68D91,212,IDWLPYSRISDYVGTCERLIELVDRGLVEKV,0.194
457,Q68D91,254,RLFRLASNYISKAGICHKVSTFAMRSLASLA,0.35
458,Q6MZT1,122,AAISGPEDGEIHPEICRLYIQLQCCLEMYTT,0.351
459,Q6MZT1,252,PYPLVRRRKRRFFGLCCLISSXXXXXXXXXX,0.831
460,Q6MZT1,253,YPLVRRRKRRFFGLCCLISSXXXXXXXXXXX,0.829
461,Q6PCE3,441,GKEVLFAFEESIGFLCGTSVLDKDGVSAAVV,0.085
462,Q6UWV2,215,SIEVSDDTDQEEEEACMARLCVRCAECLDSD,0.659
463,Q71U36,305,EITNACFEPANQMVKCDPRHGKYMACCLLYR,0.137
464,Q71U36,315,NQMVKCDPRHGKYMACCLLYRGDVVPKDVNA,0.147
465,Q71U36,316,QMVKCDPRHGKYMACCLLYRGDVVPKDVNAA,0.131
466,Q71U36,376,TVVPGGDLAKVQRAVCMLSNTTAIAEAWARL,0.106
467,Q7KZF4,96,PAREFLRKKLIGKEVCFTIENKTPQGREYGM,0.224
468,Q7KZF4,736,HPPVEGSYAPRRGEFCIAKFVDGEWYRARVE,0.284
469,Q7L0Q8,255,PDKMKNLSKSWWKKYCCFVXXXXXXXXXXXX,0.743
470,Q7L0Q8,256,DKMKNLSKSWWKKYCCFVXXXXXXXXXXXXX,0.782
471,Q7L9B9,7,XXXXXXXXXMGSTLGCHRSIPRDPSDLSHSR,0.777
472,Q7Z5G4,69,YAEAEKLGGQSYLEGCLACLTAYTIFLCMET,0.439
473,Q7Z5G4,72,AEKLGGQSYLEGCLACLTAYTIFLCMETHYE,0.439
474,Q86W47,193,LVTFVVGVLIVVLTICAKSLAVKAEAMKKRK,0.371
475,Q86WA9,23,LGQARSSGPGMAPSACCCSPAALQRRLPILA,0.622
476,Q86WA9,24,GQARSSGPGMAPSACCCSPAALQRRLPILAW,0.518
477,Q86WA9,25,QARSSGPGMAPSACCCSPAALQRRLPILAWL,0.51
478,Q8IWE4,4,XXXXXXXXXXXXMGQCVTKCKNPSSTLGSKN,0.264
479,Q8IWE4,8,XXXXXXXXMGQCVTKCKNPSSTLGSKNGDRE,0.231
480,Q8IYC8,474,AYVMAAICALFMLPLCLMVCQWRCLRCLRQQ,0.526
481,Q8IYC8,478,AAICALFMLPLCLMVCQWRCLRCLRQQHDDF,0.556
482,Q8IYC8,482,ALFMLPLCLMVCQWRCLRCLRQQHDDFADDI,0.563
483,Q8IYC8,485,MLPLCLMVCQWRCLRCLRQQHDDFADDISLL,0.571
484,Q8IZ81,94,KEKNINPEKDASFKICMKMCLLQITGYKQLY,0.22
485,Q8IZ81,98,INPEKDASFKICMKMCLLQITGYKQLYLDVE,0.214
486,Q8IZJ1,403,VAILMAVGVVVYRRNCRDFDTDITDSSAALT,0.621
487,Q8N4C7,284,GLAVKYKKRNPCRVLCCWCCPCCSSKXXXXX,0.672
488,Q8N4C7,285,LAVKYKKRNPCRVLCCWCCPCCSSKXXXXXX,0.666
489,Q8N4C7,287,VKYKKRNPCRVLCCWCCPCCSSKXXXXXXXX,0.665
490,Q8N4C7,288,KYKKRNPCRVLCCWCCPCCSSKXXXXXXXXX,0.685
491,Q8N4C7,290,KKRNPCRVLCCWCCPCCSSKXXXXXXXXXXX,0.684
492,Q8N4C7,291,KRNPCRVLCCWCCPCCSSKXXXXXXXXXXXX,0.688
493,Q8N9I9,272,GVRYPGTTRVAYLPDCPEGNKVLTLFRKAFD,0.253
494,Q8NCR0,30,AALHLWLRLRSPPPACASGAGPADQLALFPQ,0.811
495,Q8NHU3,331,PIFYFFEKNVQGSIPCCFSWPLSWPPGCFKS,0.257
496,Q8NHU3,332,IFYFFEKNVQGSIPCCFSWPLSWPPGCFKSS,0.312
497,Q8NHU3,343,SIPCCFSWPLSWPPGCFKSSCKKYSRVQKIG,0.758
498,Q8NHU3,348,FSWPLSWPPGCFKSSCKKYSRVQKIGEDNEK,0.697
499,Q8TB61,73,QYFRRKNYLETGRGLCFPLVKACVFGNEPKA,0.356
500,Q8TB61,80,YLETGRGLCFPLVKACVFGNEPKASDEVPLA,0.297
501,Q8TDD5,549,SGKYRLEDDPPVSLFCCCKKXXXXXXXXXXX,0.734
502,Q8TDD5,550,GKYRLEDDPPVSLFCCCKKXXXXXXXXXXXX,0.741
503,Q8TDD5,551,KYRLEDDPPVSLFCCCKKXXXXXXXXXXXXX,0.784
504,Q92542,689,TVGFGILIFSLIVTYCINAKADVLFIAPREP,0.506
505,Q92692,183,AQKVTFSQDPTTVALCISKEGRPPARISWLS,0.256
506,Q92901,253,KKLPRKTHKGLRKVACIGAWHPARVGCSIAR,0.498
507,Q93045,22,AYKEKMKELSMLSLICSCFYPEPRNINIYTY,0.535
508,Q93045,24,KEKMKELSMLSLICSCFYPEPRNINIYTYDD,0.539
509,Q93050,25,MTLAQLFLQSEAAYCCVSELGELGKVQFRDL,0.213
510,Q93084,525,SKMFVKGAPESVIERCSSVRVGSRTAPLTPT,0.174
511,Q96B33,53,NQPVDVELYQGLWDMCREQSSRERECGQTDQ,0.261
512,Q96BI3,182,IILLHTFWGVVFFDACERRRYWALGLVVGSH,0.223
513,Q96BI3,245,ITAGGSLRSIQRSLLCRRQEDSRVMVYSALR,0.548
514,Q96DX4,208,SSHPAKHRNTSAVLGCLAEKLAGPASIGLLS,0.121
515,Q96DZ5,534,PKDIASENSISRLLFCCWFPWMLRAEMQSXX,0.146
516,Q96DZ5,535,KDIASENSISRLLFCCWFPWMLRAEMQSXXX,0.176
517,Q96EP0,702,DRAFLRRLLAQECAVCGWALPHNRMQALTSC,0.251
518,Q96EP0,717,CGWALPHNRMQALTSCECTICPDCFRQHFTI,0.246
519,Q96EP0,719,WALPHNRMQALTSCECTICPDCFRQHFTIAL,0.252
520,Q96EP0,722,PHNRMQALTSCECTICPDCFRQHFTIALKEK,0.245
521,Q96EP0,725,RMQALTSCECTICPDCFRQHFTIALKEKHIT,0.25
522,Q96MH7,304,RGKVVSVLPRALSLSCPVPHLHRWNFCDSLL,0.204
523,Q96PJ5,410,GLLSALLLAVALLFHCWRRRKSGVGFLGDET,0.617
524,Q96PP8,583,SELQHAQRTVNNDDPCVLLXXXXXXXXXXXX,0.786
525,Q99523,783,LVTVVAGVLIVKKYVCGGRFLVHRYSVLQQH,0.622
526,Q99805,120,IEPSPYKFTFNKKETCKLVCTKTYHTEKAED,0.212
527,Q99805,124,PYKFTFNKKETCKLVCTKTYHTEKAEDKQKL,0.208
528,Q9BSF0,3,XXXXXXXXXXXXXMGCMKSKQTFPFPTIYEG,0.828
529,Q9BSJ8,635,ENPQRGSSVDAPPRPCHTTPDSQFGTEHVLR,0.261
530,Q9BTU6,124,EFEAVVRQAELAIERCIFPERIYQGSSGSYF,0.246
531,Q9BTU6,174,YGHLNPKWTKWLQKLCCPCCFGRDCLVLNQG,0.427
532,Q9BTU6,175,GHLNPKWTKWLQKLCCPCCFGRDCLVLNQGY,0.437
533,Q9BTU6,177,LNPKWTKWLQKLCCPCCFGRDCLVLNQGYLS,0.398
534,Q9BTU6,178,NPKWTKWLQKLCCPCCFGRDCLVLNQGYLSE,0.355
535,Q9BTU6,183,KWLQKLCCPCCFGRDCLVLNQGYLSEAGASL,0.228
536,Q9BVA1,129,DSVLDVVRKESESCDCLQGFQLTHSLGGGTG,0.207
537,Q9BVA1,239,DLNHLVSATMSGVTTCLRFPGQLNADLRKLA,0.136
538,Q9BVA1,303,ELTQQMFDSKNMMAACDPRHGRYLTVAAIFR,0.119
539,Q9BVA1,354,SYFVEWIPNNVKTAVCDIPPRGLKMSATFIG,0.187
540,Q9BWD1,88,ASVGAGIPYSVPAWSCQMICGSGLKAVCLAV,0.097
541,Q9BWD1,92,AGIPYSVPAWSCQMICGSGLKAVCLAVQSIG,0.083
542,Q9BWD1,360,EGGAIALGHPLGASGCRILVTLLHTLERMGR,0.049
543,Q9BWD1,383,HTLERMGRSRGVAALCIGGGMGIAMCVQREX,0.103
544,Q9BWD1,393,GVAALCIGGGMGIAMCVQREXXXXXXXXXXX,0.123
545,Q9BX67,264,VLVVLAVLALITLGICCAYRRGYFINNKQDG,0.519
546,Q9BX67,265,LVVLAVLALITLGICCAYRRGYFINNKQDGE,0.519
547,Q9BZY9,114,QEMFHYFCEDDGKFLCFVCRESKDHKSHNVS,0.378
548,Q9BZY9,117,FHYFCEDDGKFLCFVCRESKDHKSHNVSLIE,0.369
549,Q9GZU1,53,EEDLRRRLKYFFMSPCDKFRAKGRKPCKLML,0.325
550,Q9GZU1,561,DSPTSGKFRRGSGSACSLLCCCGRDPSEEHS,0.731
551,Q9GZU1,565,SGKFRRGSGSACSLLCCCGRDPSEEHSLLVN,0.783
552,Q9GZU1,566,GKFRRGSGSACSLLCCCGRDPSEEHSLLVNX,0.79
553,Q9GZU1,567,KFRRGSGSACSLLCCCGRDPSEEHSLLVNXX,0.783
554,Q9GZU7,44,ASQKPRSRGILHSLFCCVCRDDGEALPAHSG,0.763
555,Q9GZU7,45,SQKPRSRGILHSLFCCVCRDDGEALPAHSGA,0.765
556,Q9GZU7,47,KPRSRGILHSLFCCVCRDDGEALPAHSGAPL,0.784
557,Q9H3N1,106,LSGRFIITALPTIYHCKDGEFRRYQGPRTKK,0.246
558,Q9H3N1,165,SSMSALFQLSMWIRTCHNYFIEDLGLPVWGS,0.387
559,Q9H3N1,205,FSGLLLGLCMIFVADCLCPSKRRRPQPYPYP,0.593
560,Q9H3N1,207,GLLLGLCMIFVADCLCPSKRRRPQPYPYPSK,0.609
561,Q9H3Z4,113,YFVLSSWWAKALFVFCGLLTCCYCCCCLCCC,0.476
562,Q9H3Z4,118,SWWAKALFVFCGLLTCCYCCCCLCCCFNCCC,0.504
563,Q9H3Z4,119,WWAKALFVFCGLLTCCYCCCCLCCCFNCCCG,0.507
564,Q9H3Z4,121,AKALFVFCGLLTCCYCCCCLCCCFNCCCGKC,0.506
565,Q9H3Z4,122,KALFVFCGLLTCCYCCCCLCCCFNCCCGKCK,0.531
566,Q9H3Z4,123,ALFVFCGLLTCCYCCCCLCCCFNCCCGKCKP,0.542
567,Q9H3Z4,124,LFVFCGLLTCCYCCCCLCCCFNCCCGKCKPK,0.528
568,Q9H3Z4,126,VFCGLLTCCYCCCCLCCCFNCCCGKCKPKAP,0.573
569,Q9H3Z4,127,FCGLLTCCYCCCCLCCCFNCCCGKCKPKAPE,0.59
570,Q9H3Z4,128,CGLLTCCYCCCCLCCCFNCCCGKCKPKAPEG,0.595
571,Q9H3Z4,131,LTCCYCCCCLCCCFNCCCGKCKPKAPEGEET,0.615
572,Q9H3Z4,132,TCCYCCCCLCCCFNCCCGKCKPKAPEGEETE,0.621
573,Q9H3Z4,133,CCYCCCCLCCCFNCCCGKCKPKAPEGEETEF,0.63
574,Q9H3Z4,136,CCCCLCCCFNCCCGKCKPKAPEGEETEFYVS,0.647
575,Q9H6X2,347,LLLALALLWWFWPLCCTVIIKEVPPPPAEES,0.524
576,Q9H6X2,481,DRVSVMRPQPGDTGRCINFTRVKNNQPAKYP,0.546
577,Q9H6X2,521,PPPAPIYTPPPPAPHCPPPPPSAPTPPIPSP,0.775
578,Q9H6Y7,248,CLDEYEDGDKLRVLPCAHAYHSRCVDPWLTQ,0.284
579,Q9HCK5,618,IAAVVGSMDGHPSRYCATVRVQTSRQEISQE,0.124
580,Q9NRR6,641,IQRQQALQSQNSSTICSVSXXXXXXXXXXXX,0.637
581,Q9NRY6,125,SGAGQPLGQAAEESNCCARLCCGARRPLRVR,0.396
582,Q9NRY6,126,GAGQPLGQAAEESNCCARLCCGARRPLRVRL,0.404
583,Q9NRY6,158,DPGDREVLRLLRPLHCGCSCCPCGLQEMEVQ,0.329
584,Q9NRY6,160,GDREVLRLLRPLHCGCSCCPCGLQEMEVQAP,0.375
585,Q9NRY6,162,REVLRLLRPLHCGCSCCPCGLQEMEVQAPPG,0.395
586,Q9NRY6,163,EVLRLLRPLHCGCSCCPCGLQEMEVQAPPGT,0.371
587,Q9NRY6,165,LRLLRPLHCGCSCCPCGLQEMEVQAPPGTTI,0.31
588,Q9NRY6,211,IQDADRQTVLRVVGPCWTCGCGTDTNFEVKT,0.291
589,Q9NRY6,214,ADRQTVLRVVGPCWTCGCGTDTNFEVKTRDE,0.35
590,Q9NRY6,216,RQTVLRVVGPCWTCGCGTDTNFEVKTRDESR,0.324
591,Q9NVE5,798,AIKELKLMKELADNSCLRPIDRNGKLLCPVP,0.235
592,Q9NVS2,108,IRPHGGMLPRKITGLCQEEHRKIEECVKMAH,0.328
593,Q9NZL4,22,RGSRLPLALPPASQGCSSGGGGGGSSAGGSG,0.863
594,Q9NZQ7,272,FIFRLRKGRMMDVKKCGIQDTNSKKQSDTHL,0.639
595,Q9NZW5,298,RKAFVRRDWDNSGPFCGTISSKKKKKMMYLT,0.733
596,Q9NZW5,432,TKIDSILEVVQTGRTCILDVNPQALKVLRTS,0.202
597,Q9P0L0,128,WKEAKPDELMDSKLRCVFEMPNENDKLNDME,0.305
598,Q9UBS4,196,GPGRFQMTQEVVCDECPNVKLVNEERTLEVE,0.432
599,Q9UJJ7,75,FRFCHQLDFSTSGALCVALNKAAAGSAYRCF,0.182
600,Q9UKG9,166,NTPLDMNQFRMLFSTCKVPGITRDSIMNYFR,0.08
601,Q9UKG9,458,MTRHFYHGRTETMRSCTVEAVRWCQSMQDPS,0.141
602,Q9UKJ5,88,SCLKKNLPVNVRWLLCGCLCCCCTLGCSMWP,0.375
603,Q9UKJ5,90,LKKNLPVNVRWLLCGCLCCCCTLGCSMWPVI,0.384
604,Q9UKJ5,92,KNLPVNVRWLLCGCLCCCCTLGCSMWPVICL,0.413
605,Q9UKJ5,93,NLPVNVRWLLCGCLCCCCTLGCSMWPVICLS,0.41
606,Q9UKJ5,94,LPVNVRWLLCGCLCCCCTLGCSMWPVICLSK,0.433
607,Q9UKJ5,95,PVNVRWLLCGCLCCCCTLGCSMWPVICLSKR,0.438
608,Q9ULH1,219,AEEMEKERRLFQLQMCEYLIKVNEIKTKKGV,0.24
609,Q9UMS4,16,MSLICSISNEVPEHPCVSPVSNHVYERRLIE,0.362
610,Q9UP65,538,MNVAGLYYPKDSARSCCLAXXXXXXXXXXXX,0.749
611,Q9UQ80,296,RAFEDEKKARMGVVECAKHELLQPFNVLYEK,0.266
612,Q9Y230,227,ARDYDAMGSQTKFVQCPDGELQKRKEVVHTV,0.266
613,Q9Y4P3,44,RGWLRAGEERSGRPACQKANGFPPDKSSGSK,0.461
